Juliet Buckley;24;Huelva
Omar Nixon;41;Córdoba
Hiram Graham;38;Huelva
Rylee Bartlett;31;Sevilla
Merrill Shepard;60;Sevilla
Blaze Cardenas;30;Córdoba
Adara Brewer;49;Huelva
Rae Camacho;19;Sevilla
Maris Navarro;56;Huelva
Cody Walker;48;Cádiz
Jennifer Mckee;39;Huelva
Thomas Shaw;31;Huelva
Mohammad Carr;49;Sevilla
Fleur Calhoun;53;Sevilla
Marvin Grimes;59;Huelva
August Cross;53;Cádiz
Salvador Bennett;18;Córdoba
Alexander Callahan;51;Córdoba
Kylee Faulkner;32;Huelva
Abraham Hall;26;Córdoba
Colton Higgins;27;Sevilla
Colin Vazquez;58;Sevilla
Evangeline Sims;56;Córdoba
Connor Mann;54;Sevilla
Clio Sherman;45;Córdoba
Daquan Burton;38;Cádiz
Amy Dejesus;59;Córdoba
Maile Morris;49;Huelva
Slade Prince;50;Huelva
Drake Guy;40;Cádiz
Teagan Mclean;20;Cádiz
Lilah Melendez;47;Huelva
Brianna Kramer;27;Huelva
Irene Hays;43;Córdoba
Ebony Nguyen;36;Huelva
Charles Rivers;48;Sevilla
Maia Gilliam;50;Córdoba
Amal Cummings;26;Huelva
Jocelyn Delaney;35;Sevilla
Aline Singleton;19;Sevilla
Dustin Coleman;57;Huelva
Veronica Wall;40;Córdoba
Tad Walton;46;Sevilla
Julian Riddle;23;Huelva
Orlando Guy;32;Córdoba
Jorden Gallagher;34;Córdoba
Hilel Peterson;29;Sevilla
Cade Gallagher;20;Córdoba
Kelly Medina;54;Huelva
Porter Jacobs;53;Sevilla
Holly Mckay;21;Cádiz
Glenna Mcintyre;19;Cádiz
Yetta Dominguez;38;Huelva
Mariko Middleton;56;Cádiz
Wanda Rutledge;45;Córdoba
Aaron Mayo;27;Sevilla
Benjamin Hernandez;28;Huelva
Charlotte Flowers;20;Cádiz
Emerson Juarez;21;Cádiz
Stuart Hester;21;Córdoba
Evangeline Smith;22;Sevilla
Leah Ferrell;38;Córdoba
Felix Huber;39;Sevilla
Stone Stephenson;36;Sevilla
Cecilia Mcbride;31;Córdoba
Madaline Schultz;52;Huelva
Mia Kirk;49;Sevilla
Alyssa Shepherd;37;Cádiz
Dara Lane;26;Huelva
Cally Watts;35;Cádiz
Indigo Spears;47;Sevilla
Kane Slater;49;Córdoba
Adrian Herman;30;Córdoba
Scarlett Rosario;51;Cádiz
Kaseem Duran;55;Huelva
Amaya Velazquez;34;Cádiz
Yoshio Alvarado;19;Córdoba
Gwendolyn Carroll;52;Sevilla
Talon Le;28;Córdoba
Petra Lopez;30;Córdoba
Mary Herring;34;Sevilla
Autumn George;39;Cádiz
Clinton Webb;59;Cádiz
Darryl Beck;39;Córdoba
Scarlet Leon;47;Córdoba
Mollie Russo;35;Córdoba
Fiona Wong;21;Córdoba
Lacey Carr;28;Huelva
Seth Sparks;22;Huelva
Willa Romero;25;Cádiz
Carson Simmons;34;Cádiz
Shea Copeland;30;Cádiz
Steel Salas;21;Sevilla
Winifred Foreman;34;Huelva
Colin Myers;50;Sevilla
Ursa Suarez;38;Huelva
Hanna Lloyd;34;Sevilla
Mallory Le;49;Córdoba
Lucian Vasquez;39;Sevilla
Audra Bates;27;Sevilla
Elmo Cobb;37;Cádiz
Garrison Solomon;18;Huelva
Sarah Alvarado;51;Córdoba
Zephania Horn;50;Sevilla
Zephania Wong;53;Sevilla
Elvis Murphy;39;Córdoba
Ronan Cabrera;29;Huelva
Raven Durham;46;Córdoba
Kylee Cantu;19;Sevilla
Armand Patton;31;Huelva
Nehru Anthony;25;Cádiz
Oscar Becker;33;Córdoba
Jin Baxter;60;Huelva
Shafira Wood;25;Huelva
Dennis Roman;35;Huelva
Quin Stone;24;Huelva
Curran Strong;22;Córdoba
Armando Neal;51;Huelva
Shelby Nixon;54;Sevilla
Quynn Buck;51;Cádiz
Elmo Tyson;34;Cádiz
Magee Sheppard;58;Sevilla
Gay Crane;20;Huelva
Derek Farrell;40;Sevilla
Moses Berry;54;Huelva
Alexa Doyle;56;Córdoba
Dacey Barrett;40;Huelva
Mufutau Brock;55;Huelva
Zeph Webb;36;Cádiz
Iona Roth;33;Huelva
Meredith Hayes;32;Sevilla
Bianca Neal;35;Cádiz
Alyssa Steele;42;Huelva
Hashim Frank;41;Sevilla
Jescie Phillips;21;Sevilla
Philip Merritt;25;Sevilla
Harlan Harper;37;Huelva
Preston Love;41;Huelva
Michelle Blankenship;22;Córdoba
Farrah Mann;33;Córdoba
Leroy Gates;28;Cádiz
Aurelia Mccarty;32;Sevilla
Hu Rivera;18;Cádiz
Melvin Grimes;50;Huelva
Cameran Wooten;47;Cádiz
Nadine Warner;29;Cádiz
Autumn Gibbs;23;Córdoba
Luke Deleon;55;Sevilla
Zachery Summers;28;Sevilla
Reagan Kelly;58;Córdoba
Miriam Stout;59;Sevilla
Lacota Schmidt;44;Cádiz
Lydia Sheppard;20;Cádiz
Buffy Chandler;30;Córdoba
Flavia Meadows;51;Sevilla
Isaiah Mann;43;Sevilla
Justine Moran;29;Huelva
Unity Ochoa;47;Córdoba
Davis Bird;46;Huelva
Kasimir Reese;58;Cádiz
Melissa Peters;27;Sevilla
Timothy Stewart;30;Córdoba
Veda Joseph;23;Huelva
Carlos Jefferson;29;Huelva
Cameron Davis;41;Córdoba
Hakeem Herman;22;Huelva
Imogene Morton;30;Córdoba
Lesley Tillman;60;Córdoba
Zephania Young;45;Córdoba
Mechelle Ellison;52;Huelva
Heidi Williams;42;Sevilla
Addison Acevedo;23;Sevilla
Kerry Alford;56;Córdoba
Calvin Lane;41;Córdoba
Rowan Lynch;32;Sevilla
Emma Mccormick;20;Córdoba
Salvador Ferguson;58;Cádiz
Molly Gentry;41;Cádiz
Lael Rasmussen;36;Cádiz
Adara Conway;44;Córdoba
Hyacinth Flynn;31;Cádiz
Amir Boyer;57;Huelva
Silas Becker;31;Córdoba
Elton Greene;38;Huelva
Drake Wall;38;Cádiz
Maite Finley;59;Huelva
Felix Campbell;49;Sevilla
Miquel Mitchell;22;Cádiz
Philip Atkinson;54;Córdoba
Miranda Burnett;52;Córdoba
India Rodriguez;28;Cádiz
Giacomo Noel;38;Cádiz
Nevada Mcdonald;45;Córdoba
Wade Acosta;31;Huelva
Sonya Payne;27;Huelva
Rigel Rivera;29;Sevilla
Denton Wilder;22;Sevilla
Brenda Guerra;55;Córdoba
Gray Kidd;20;Córdoba
Bianca Mejia;49;Córdoba